{"chunk_definitions":[{"row":9,"row_count":1,"visible":true,"expansion_state":0,"options":{"engine":"r","label":"setup","include":false},"document_id":"9C18534D","chunk_id":"csetup_chunk","chunk_label":"setup"},{"row":50,"row_count":1,"visible":true,"expansion_state":0,"options":{"engine":"r","label":"unnamed-chunk-12"},"document_id":"9C18534D","chunk_id":"cunl5rkik79ry","chunk_label":"unnamed-chunk-2"},{"row":64,"row_count":1,"visible":true,"expansion_state":0,"options":{"engine":"r","label":"unnamed-chunk-23"},"document_id":"9C18534D","chunk_id":"cvojt2n5aw9n5","chunk_label":"unnamed-chunk-3"},{"row":451,"row_count":1,"visible":true,"expansion_state":0,"options":{"engine":"r","label":"unnamed-chunk-36"},"document_id":"9C18534D","chunk_id":"cnfw5p7n83u15","chunk_label":"unnamed-chunk-11"}],"doc_write_time":1756712208,"working_dir":null,"default_chunk_options":{"echo":true}}