"0","# 定义 DAG"
"0","dag <- dagitty(""dag {"
"0","  injury -> kmsprinting"
"0","  kmsprinting -> kmhigh"
"0","  totalkm -> kmsprinting"
"0","}"")"
"0",""
"0",""
"0","# DAG 可视化"
"0","p <- ggdag(dag, node_size = 16,"
"0","  text_size = 2,layout = ""circle"") + "
"0","  theme_minimal() +"
"0","  ggtitle(""Causal DAG: Injury, Kmsprinting, Kmhigh, Totalkm"")"
"0",""
"0","# 保存为高清 TIFF 格式"
"0","ggsave(""Figure/dag_1.tiff"", plot = p, device = ""tiff"", dpi = 300, width = 8, height = 6)"
"0",""
"0","# 保存为 PDF 格式"
"0","ggsave(""Figure/dag_1.pdf"", plot = p, device = ""pdf"", width = 8, height = 6)"
"0",""
