"0","dat <- dat %>% filter(perceivedrecovery > 0)"
"0","dat <- dat %>% filter(perceivedexertion > 0)"
"0","dat <- dat %>% filter(perceivedtrainingSuccess > 0)"
"0","dat$injury <- as.integer(dat$injury)"
"0","dat$strength_any <- ifelse(dat$strengthtraining > 0, 1, 0)"
"0",""
"0","dat$totalkm <- as.numeric(dat$totalkm)"
"0","dat$sessions <- as.numeric(dat$sessions)"
"0","dat$perceivedrecovery <- as.numeric(dat$perceivedrecovery)"
"0","dat$perceivedtrainingSuccess <- as.numeric(dat$perceivedtrainingSuccess)"
